<a69_t110e5.xml>
  <crew>
    <commander>	radioman	</commander>
    <gunner>
    </gunner>
    <driver>
    </driver>
    <loader>
    </loader>
  </crew>
  <speedLimits>
    <forward>	37	</forward>
    <backward>	12	</backward>
  </speedLimits>
  <invisibility>
    <moving>0.04</moving>
    <still>0.08</still>
    <camouflageBonus>0.02</camouflageBonus>
    <camouflageNetBonus>0.05</camouflageNetBonus>
    <firePenalty>0.12</firePenalty>
  </invisibility>
  <repairCost>11.131</repairCost>
  <crewXpFactor>1.0</crewXpFactor>
  <camouflage>
    <priceFactor>2.0</priceFactor>
    <tiling>1 1 0 0</tiling>
    <exclusionMask>
    </exclusionMask>
  </camouflage>
  <hull>
    <armor>
      <armor_1>	254	</armor_1>
      <armor_2>139.7</armor_2>
      <armor_3>76.2</armor_3>
      <armor_4>38.1</armor_4>
      <armor_5>152.4</armor_5>
      <armor_6>	44	</armor_6>
      <armor_7>	44	</armor_7>
      <armor_8>	0	</armor_8>
      <armor_9>	44	</armor_9>
      <armor_10>203.2</armor_10>
      <armor_11>	127	</armor_11>
      <armor_12>203.2</armor_12>
      <armor_13>76.2</armor_13>
      <armor_14>38.1</armor_14>
      <armor_15>	25	<vehicleDamageFactor>0.0</vehicleDamageFactor></armor_15>
      <armor_16>190.5</armor_16>
    </armor>
    <primaryArmor>armor_1 armor_3 armor_4</primaryArmor>
    <weight>	30000	</weight>
    <maxHealth>	1760	</maxHealth>
    <ammoBayHealth>
      <maxHealth>	260	</maxHealth>
      <maxRegenHealth>	180	</maxRegenHealth>
      <repairCost>1.0</repairCost>
    </ammoBayHealth>
    <models>
      <undamaged>vehicles/american/A69_T110E5/normal/lod0/Hull.model</undamaged>
      <destroyed>vehicles/american/A69_T110E5/crash/lod0/Hull.model</destroyed>
      <exploded>vehicles/american/A69_T110E5/crash/lod0/Hull.model</exploded>
    </models>
    <swinging>
      <lodDist>FAR</lodDist>
      <pitchParams>0.24 40.00 0.36 1.00 0.04 0.29</pitchParams>
      <rollParams>1.00 0.24 40.00 0.36 1.00 0.04 0.29</rollParams>
      <sensitivityToImpulse>0.28</sensitivityToImpulse>
    </swinging>
    <exhaust>
      <pixie>gas_large</pixie>
      <nodes>HP_Track_Exhaus_1 HP_Track_Exhaus_2</nodes>
    </exhaust>
    <turretPositions>
      <turret>	0.000000 0.442311 0.269645	</turret>
    </turretPositions>
    <hitTester>
      <collisionModelServer>vehicles/american/A69_T110E5/collision/Hull.model</collisionModelServer>
      <collisionModelClient>vehicles/american/A69_T110E5/collision_client/Hull.model</collisionModelClient>
    </hitTester>
    <emblemSlots>
      <clan>
        <rayStart>-0.013027 0.3629 2.8825</rayStart>
        <rayEnd>-0.00450893 0.146956 2.77812</rayEnd>
        <rayUp>0.000000 0.000000 -1</rayUp>
        <size>0.32</size>
        <hideIfDamaged>	false	</hideIfDamaged>
      </clan>
    </emblemSlots>
    <hangarShadowTexture>vehicles/american/A69_T110E5/T110E5_HangarShadowMap.dds</hangarShadowTexture>
    <camouflage>
      <tiling>0.91 0.91 0.42 0.000000</tiling>
    </camouflage>
  </hull>
  <chassis>
    <Chassis_T110>
      <userString>#usa_vehicles:Chassis_T110</userString>
      <tags>
      </tags>
      <level>	10	</level>
      <price>	82500	</price>
      <notInShop>	true	</notInShop>
      <armor>
        <leftTrack>	20	</leftTrack>
        <rightTrack>	20	</rightTrack>
      </armor>
      <weight>	8000	</weight>
      <maxLoad>	60050	</maxLoad>
      <terrainResistance>1.2 1.3 2.4</terrainResistance>
      <brakeForce>	39500	</brakeForce>
      <rotationIsAroundCenter>	true	</rotationIsAroundCenter>
      <rotationSpeed>	30	</rotationSpeed>
      <shotDispersionFactors>
        <vehicleMovement>0.18</vehicleMovement>
        <vehicleRotation>0.18</vehicleRotation>
      </shotDispersionFactors>
      <bulkHealthFactor>3.0</bulkHealthFactor>
      <maxHealth>	250	</maxHealth>
      <maxRegenHealth>	190	</maxRegenHealth>
      <repairCost>5.0</repairCost>
      <models>
        <undamaged>vehicles/american/A69_T110E5/normal/lod0/Chassis.model</undamaged>
        <destroyed>vehicles/american/A69_T110E5/crash/lod0/Chassis.model</destroyed>
        <exploded>vehicles/american/A69_T110E5/crash/lod0/Chassis.model</exploded>
      </models>
      <traces>
        <lodDist>FAR</lodDist>
        <bufferPrefs>largeTank</bufferPrefs>
        <textureSet>t97</textureSet>
        <size>0.6 0.75</size>
      </traces>
      <tracks>
        <lodDist>MEDIUM_TRACK</lodDist>
        <leftMaterial>track_mat_L_skinned</leftMaterial>
        <rightMaterial>track_mat_R_skinned</rightMaterial>
        <textureScale>-2.8</textureScale>
      </tracks>
      <wheels>
        <lodDist>MEDIUM</lodDist>
        <wheel>
          <isLeft>	false	</isLeft>
          <isLeading>	true	</isLeading>
          <name>WD_R0</name>
          <radius>	0.329521	</radius>
          <syncAngle>	23	</syncAngle>
        </wheel>
        <group>
          <isLeft>	false	</isLeft>
          <template>WD_R</template>
          <radius>	0.160767	</radius>
          <startIndex>	1	</startIndex>
          <count>	5	</count>
        </group>
        <wheel>
          <isLeft>	false	</isLeft>
          <isLeading>	true	</isLeading>
          <name>WD_R6</name>
          <radius>0.3375</radius>
          <syncAngle>32.7273</syncAngle>
        </wheel>
        <group>
          <isLeft>	false	</isLeft>
          <template>W_R</template>
          <radius>0.32952</radius>
          <startIndex>	0	</startIndex>
          <count>	6	</count>
        </group>
        <wheel>
          <isLeft>	true	</isLeft>
          <isLeading>	true	</isLeading>
          <name>WD_L0</name>
          <radius>	0.329521	</radius>
          <syncAngle>	23	</syncAngle>
        </wheel>
        <group>
          <isLeft>	true	</isLeft>
          <template>WD_L</template>
          <radius>	0.160767	</radius>
          <startIndex>	1	</startIndex>
          <count>	5	</count>
        </group>
        <wheel>
          <isLeft>	true	</isLeft>
          <isLeading>	true	</isLeading>
          <name>WD_L6</name>
          <radius>0.3375</radius>
          <syncAngle>32.7273</syncAngle>
        </wheel>
        <group>
          <isLeft>	true	</isLeft>
          <template>W_L</template>
          <radius>0.32952</radius>
          <startIndex>	0	</startIndex>
          <count>	6	</count>
        </group>
      </wheels>
      <drivingWheels>WD_L0 WD_L6</drivingWheels>
      <effects>
        <lodDist>MEDIUM</lodDist>
        <mud>	largeTankMud	</mud>
      </effects>
      <wwsoundPC>treads_type_pc</wwsoundPC>
      <wwsoundNPC>trds_chf_npc</wwsoundNPC>
      <hullPosition>0.000000 1.12913 0.000000</hullPosition>
      <hitTester>
        <collisionModelServer>vehicles/american/A69_T110E5/collision/Chassis.model</collisionModelServer>
        <collisionModelClient>vehicles/american/A69_T110E5/collision_client/Chassis.model</collisionModelClient>
      </hitTester>
      <topRightCarryingPoint>1.51097 1.87408</topRightCarryingPoint>
      <maxClimbAngle>	25	</maxClimbAngle>
      <navmeshGirth>6.0</navmeshGirth>
      <AODecals>
        <decal>
          <transform>
            <row0>	5.281770 0.000000 0.000000	</row0>
            <row1>	0.000000 1.496590 0.000000	</row1>
            <row2>	0.000000 0.000000 7.450390	</row2>
            <row3>	0.000000 0.000000 0.000004	</row3>
          </transform>
        </decal>
      </AODecals>
      <groundNodes>
        <group>
          <template>Track_L</template>
          <startIndex>	0	</startIndex>
          <count>	6	</count>
          <isLeft>	true	</isLeft>
          <minOffset>-0.1</minOffset>
          <maxOffset>0.08</maxOffset>
        </group>
        <group>
          <template>Track_R</template>
          <startIndex>	0	</startIndex>
          <count>	6	</count>
          <isLeft>	false	</isLeft>
          <minOffset>-0.1</minOffset>
          <maxOffset>0.08</maxOffset>
        </group>
      </groundNodes>
      <trackNodes>
        <enable>	true	</enable>
        <linkBones>	false	</linkBones>
        <maxAmplitude>0.1</maxAmplitude>
        <maxOffset>0.1</maxOffset>
        <gravity>-6.2</gravity>
        <elasticity>	1180	</elasticity>
        <damping>	2	</damping>
        <node>
          <isLeft>	false	</isLeft>
          <name>Track_VD_R0</name>
          <forwardElastK>0.67</forwardElastK>
          <backwardElastK>	2	</backwardElastK>
        </node>
        <node>
          <isLeft>	true	</isLeft>
          <name>Track_VD_L0</name>
          <forwardElastK>0.67</forwardElastK>
          <backwardElastK>	2	</backwardElastK>
        </node>
        <node>
          <isLeft>	true	</isLeft>
          <name>Track_VD_L1</name>
          <forwardElastK>	1	</forwardElastK>
          <backwardElastK>0.48</backwardElastK>
        </node>
        <node>
          <isLeft>	false	</isLeft>
          <name>Track_VD_R1</name>
          <forwardElastK>	1	</forwardElastK>
          <backwardElastK>0.48</backwardElastK>
        </node>
        <node>
          <isLeft>	false	</isLeft>
          <name>Track_VT_R0</name>
          <forwardElastK>0.6</forwardElastK>
          <backwardElastK>1.49</backwardElastK>
          <offset>-0.057</offset>
        </node>
        <node>
          <isLeft>	false	</isLeft>
          <name>Track_VT_R1</name>
          <forwardElastK>0.8</forwardElastK>
          <backwardElastK>1.61</backwardElastK>
          <offset>-0.057</offset>
        </node>
        <node>
          <isLeft>	false	</isLeft>
          <name>Track_VT_R2</name>
          <forwardElastK>0.75</forwardElastK>
          <backwardElastK>1.7</backwardElastK>
          <offset>-0.057</offset>
        </node>
        <node>
          <isLeft>	false	</isLeft>
          <name>Track_VT_R3</name>
          <forwardElastK>0.7</forwardElastK>
          <backwardElastK>1.8</backwardElastK>
          <offset>-0.057</offset>
        </node>
        <node>
          <isLeft>	false	</isLeft>
          <name>Track_VT_R4</name>
          <forwardElastK>0.65</forwardElastK>
          <backwardElastK>1.9</backwardElastK>
          <offset>-0.057</offset>
        </node>
        <node>
          <isLeft>	false	</isLeft>
          <name>Track_VT_R5</name>
          <forwardElastK>0.6</forwardElastK>
          <backwardElastK>	2	</backwardElastK>
          <offset>-0.029</offset>
        </node>
        <node>
          <isLeft>	true	</isLeft>
          <name>Track_VT_L0</name>
          <forwardElastK>0.6</forwardElastK>
          <backwardElastK>1.49</backwardElastK>
          <offset>-0.057</offset>
        </node>
        <node>
          <isLeft>	true	</isLeft>
          <name>Track_VT_L1</name>
          <forwardElastK>0.8</forwardElastK>
          <backwardElastK>1.61</backwardElastK>
          <offset>-0.057</offset>
        </node>
        <node>
          <isLeft>	true	</isLeft>
          <name>Track_VT_L2</name>
          <forwardElastK>0.75</forwardElastK>
          <backwardElastK>1.7</backwardElastK>
          <offset>-0.057</offset>
        </node>
        <node>
          <isLeft>	true	</isLeft>
          <name>Track_VT_L3</name>
          <forwardElastK>0.7</forwardElastK>
          <backwardElastK>1.8</backwardElastK>
          <offset>-0.057</offset>
        </node>
        <node>
          <isLeft>	true	</isLeft>
          <name>Track_VT_L4</name>
          <forwardElastK>0.65</forwardElastK>
          <backwardElastK>1.9</backwardElastK>
          <offset>-0.057</offset>
        </node>
        <node>
          <isLeft>	true	</isLeft>
          <name>Track_VT_L5</name>
          <forwardElastK>0.6</forwardElastK>
          <backwardElastK>	2	</backwardElastK>
          <offset>-0.029</offset>
        </node>
      </trackNodes>
      <splineDesc>
        <segmentModelLeft>vehicles/american/A69_T110E5/track/segment1.model</segmentModelLeft>
        <segmentModelRight>vehicles/american/A69_T110E5/track/segment1.model</segmentModelRight>
        <segment2ModelLeft>vehicles/american/A69_T110E5/track/segment2.model</segment2ModelLeft>
        <segment2ModelRight>vehicles/american/A69_T110E5/track/segment2.model</segment2ModelRight>
        <left>vehicles/american/A69_T110E5/track/left.track</left>
        <right>vehicles/american/A69_T110E5/track/right.track</right>
        <segmentLength>0.144</segmentLength>
        <segmentOffset>0.18</segmentOffset>
        <segment2Offset>0.072</segment2Offset>
        <lodDist>MEDIUM</lodDist>
        <atlas>
          <UTiles>	1	</UTiles>
          <VTiles>	1	</VTiles>
        </atlas>
      </splineDesc>
      <trackThickness>0.0141</trackThickness>
    </Chassis_T110>
  </chassis>
  <turrets0>
    <Turret_2_T110>
      <userString>#usa_vehicles:Turret_2_T110</userString>
      <tags>
      </tags>
      <level>	10	</level>
      <price>	66000	</price>
      <notInShop>	true	</notInShop>
      <armor>
        <armor_1>203.2</armor_1>
        <armor_2>190.5</armor_2>
        <armor_3>	127	</armor_3>
        <armor_4>76.2</armor_4>
        <armor_5>209.5</armor_5>
        <armor_6>139.7</armor_6>
        <armor_7>50.8</armor_7>
        <armor_8>	0	</armor_8>
        <armor_9>38.1</armor_9>
        <armor_10>38.1</armor_10>
        <armor_11>76.2</armor_11>
        <armor_12>203.2</armor_12>
        <armor_13>	254	</armor_13>
        <armor_14>171.4</armor_14>
        <armor_15>196.8</armor_15>
        <armor_16>184.1</armor_16>
      </armor>
      <primaryArmor>armor_1 armor_3 armor_4</primaryArmor>
      <weight>	11000	</weight>
      <maxHealth>	440	</maxHealth>
      <rotationSpeed>	32	</rotationSpeed>
      <turretRotatorHealth>
        <maxHealth>	170	</maxHealth>
        <maxRegenHealth>	85	</maxRegenHealth>
        <repairCost>1.0</repairCost>
      </turretRotatorHealth>
      <circularVisionRadius>	400	</circularVisionRadius>
      <surveyingDeviceHealth>
        <maxHealth>	120	</maxHealth>
        <maxRegenHealth>	60	</maxRegenHealth>
        <repairCost>1.0</repairCost>
      </surveyingDeviceHealth>
      <guns>
        <_120mm_Gun_M58>shared<maxAmmo>	42	</maxAmmo><armor><armor_1>	254	<vehicleDamageFactor>0.0</vehicleDamageFactor></armor_1><armor_2>	203	<vehicleDamageFactor>0.0</vehicleDamageFactor></armor_2><armor_3>	127	<vehicleDamageFactor>0.0</vehicleDamageFactor></armor_3><armor_4>	0	<vehicleDamageFactor>0.0</vehicleDamageFactor></armor_4><armor_5>	114	<vehicleDamageFactor>0.0</vehicleDamageFactor></armor_5><armor_6>	203	<vehicleDamageFactor>0.0</vehicleDamageFactor></armor_6><armor_9>	304	<vehicleDamageFactor>0.0</vehicleDamageFactor></armor_9><gun>	50	</gun></armor><shotDispersionRadius>0.35</shotDispersionRadius><reloadTime>	10	</reloadTime><aimingTime>	2	</aimingTime><invisibilityFactorAtShot>0.18</invisibilityFactorAtShot><pitchLimits><minPitch>0 -15 1 -15</minPitch><maxPitch>0 8 0.40856 8 0.472222 5 0.527778 5 0.59144 8 1 8</maxPitch></pitchLimits><turretYawLimits>-180 180</turretYawLimits><models><undamaged>vehicles/american/A69_T110E5/normal/lod0/Gun_01.model</undamaged><destroyed>vehicles/american/A69_T110E5/crash/lod0/Gun_01.model</destroyed><exploded>vehicles/american/A69_T110E5/crash/lod0/Gun_01.model</exploded></models><hitTester><collisionModelServer>vehicles/american/A69_T110E5/collision/Gun_01.model</collisionModelServer><collisionModelClient>vehicles/american/A69_T110E5/collision_client/Gun_01.model</collisionModelClient></hitTester><emblemSlots><insigniaOnGun><rayStart>-0.000672797 -0.00969271 4.85631</rayStart><rayEnd>-0.208838 0.010152 2.9416</rayEnd><rayUp>0.106 0.149 3</rayUp><size>0.7</size><hideIfDamaged>	false	</hideIfDamaged></insigniaOnGun></emblemSlots><animateEmblemSlots>	true	</animateEmblemSlots><effects>shot_large_mb</effects><camouflage><tiling>0.295 0.295 0.000000 0.000000</tiling></camouflage></_120mm_Gun_M58>
      </guns>
      <models>
        <undamaged>vehicles/american/A69_T110E5/normal/lod0/Turret_01.model</undamaged>
        <destroyed>vehicles/american/A69_T110E5/crash/lod0/Turret_01.model</destroyed>
        <exploded>vehicles/american/A69_T110E5/crash/lod0/Turret_01.model</exploded>
      </models>
      <hitTester>
        <collisionModelServer>vehicles/american/A69_T110E5/collision/Turret_01.model</collisionModelServer>
        <collisionModelClient>vehicles/american/A69_T110E5/collision_client/Turret_01.model</collisionModelClient>
      </hitTester>
      <gunPosition>0.000000 0.39325 1.23518</gunPosition>
      <emblemSlots>
        <inscription>
          <rayStart>1.16047 0.745943 -0.289129</rayStart>
          <rayEnd>	0.854193 0.495158 -0.231694	</rayEnd>
          <rayUp>0.000000 1 0.000000</rayUp>
          <size>0.76</size>
          <hideIfDamaged>	false	</hideIfDamaged>
        </inscription>
        <player>
          <rayStart>1.11011 0.464241 0.79312</rayStart>
          <rayEnd>	0.767688 0.344175 0.624792	</rayEnd>
          <rayUp>0.000000 1 0.000000</rayUp>
          <size>0.3</size>
          <hideIfDamaged>	true	</hideIfDamaged>
          <isMirrored>	true	</isMirrored>
        </player>
        <inscription>
          <rayStart>-1.27928 0.593304 0.211161</rayStart>
          <rayEnd>	-0.927972 0.402346 0.221845	</rayEnd>
          <rayUp>0.000000 1 0.000000</rayUp>
          <size>0.76</size>
          <hideIfDamaged>	false	</hideIfDamaged>
        </inscription>
        <player>
          <rayStart>-1.04482 0.506651 0.88516</rayStart>
          <rayEnd>-0.730929 0.314527 0.72844</rayEnd>
          <rayUp>0.000000 1 0.000000</rayUp>
          <size>0.3</size>
          <hideIfDamaged>	false	</hideIfDamaged>
        </player>
      </emblemSlots>
      <showEmblemsOnGun>	false	</showEmblemsOnGun>
      <physicsShape>1.000 0.000 1.000 0.000 0.594 -0.017 0.766 0.646 0.445 0.500 0.355 0.500 0.000 0.100 0.157</physicsShape>
      <wwturretRotatorSoundManual>tur_mech_trav</wwturretRotatorSoundManual>
      <camouflage>
        <tiling>0.445 0.445 0.38 0.36</tiling>
      </camouflage>
    </Turret_2_T110>
  </turrets0>
  <engines>
    <AOI-1490>shared</AOI-1490>
  </engines>
  <fuelTanks>
    <Large>shared</Large>
  </fuelTanks>
  <radios>
    <AN_VRC-3>shared</AN_VRC-3>
  </radios>
  <physics>
    <detailed>
      <engines>
        <AOI-1490>
          <smplEnginePower>925.121</smplEnginePower>
        </AOI-1490>
      </engines>
      <chassis>
        <Chassis_T110>
          <grounds>
            <ground>
              <medium>
                <rollingFriction>0.10465</rollingFriction>
              </medium>
            </ground>
            <sand>
              <medium>
                <rollingFriction>0.10465</rollingFriction>
              </medium>
            </sand>
            <wood>
              <medium>
                <rollingFriction>0.10465</rollingFriction>
              </medium>
            </wood>
            <snow>
              <medium>
                <rollingFriction>0.10465</rollingFriction>
              </medium>
            </snow>
            <stone>
              <medium>
                <rollingFriction>0.10465</rollingFriction>
              </medium>
            </stone>
            <metal>
              <medium>
                <rollingFriction>0.10465</rollingFriction>
              </medium>
            </metal>
          </grounds>
        </Chassis_T110>
      </chassis>
    </detailed>
  </physics>
  <clientAdjustmentFactors>
    <armour>1.190744623</armour>
  </clientAdjustmentFactors>
  <effects>
    <collision>
    </collision>
    <damagedStateGroup>large</damagedStateGroup>
  </effects>
  <emblems>
    <default>usa_star</default>
    <lodDist>MEDIUM</lodDist>
    <alpha>0.82</alpha>
  </emblems>
  <horns>
    <priceFactor>	1	</priceFactor>
    <distanceFactor>	1	</distanceFactor>
    <volumeFactor>	1	</volumeFactor>
  </horns>
</a69_t110e5.xml>