<ch26_59_patton.xml>
  <crew>
    <commander>
    </commander>
    <gunner>
    </gunner>
    <driver>
    </driver>
    <loader>	radioman	</loader>
  </crew>
  <speedLimits>
    <forward>	50	</forward>
    <backward>	20	</backward>
  </speedLimits>
  <invisibility>
    <moving>0.11</moving>
    <still>0.146</still>
    <camouflageBonus>0.03</camouflageBonus>
    <camouflageNetBonus>0.1</camouflageNetBonus>
    <firePenalty>0.219</firePenalty>
  </invisibility>
  <repairCost>5.5</repairCost>
  <premiumVehicleXPFactor>0.1</premiumVehicleXPFactor>
  <crewXpFactor>1.5</crewXpFactor>
  <camouflage>
    <priceFactor>1.6</priceFactor>
    <tiling>1 1 0 0</tiling>
    <exclusionMask>
    </exclusionMask>
  </camouflage>
  <hull>
    <armor>
      <armor_1>	100	</armor_1>
      <armor_2>	100	</armor_2>
      <armor_3>	80	</armor_3>
      <armor_4>	45	</armor_4>
      <armor_6>	57	</armor_6>
      <armor_7>	30	</armor_7>
      <armor_8>	15	</armor_8>
      <armor_9>	20	</armor_9>
      <armor_10>	0	</armor_10>
      <armor_12>	30	</armor_12>
    </armor>
    <primaryArmor>armor_1 armor_3 armor_4</primaryArmor>
    <weight>	17960	</weight>
    <maxHealth>	1120	</maxHealth>
    <ammoBayHealth>
      <maxHealth>	170	</maxHealth>
      <maxRegenHealth>	100	</maxRegenHealth>
      <repairCost>2.0</repairCost>
    </ammoBayHealth>
    <models>
      <undamaged>vehicles/chinese/Ch26_59_Patton/normal/lod0/Hull.model</undamaged>
      <destroyed>vehicles/chinese/Ch26_59_Patton/crash/lod0/Hull.model</destroyed>
      <exploded>vehicles/chinese/Ch26_59_Patton/crash/lod0/Hull.model</exploded>
    </models>
    <swinging>
      <lodDist>FAR</lodDist>
      <pitchParams>0.26 36.00 0.42 1.00 0.05 0.32</pitchParams>
      <rollParams>1.00 0.26 36.00 0.42 1.00 0.05 0.32</rollParams>
      <sensitivityToImpulse>0.4</sensitivityToImpulse>
    </swinging>
    <exhaust>
      <pixie>diesel_medium</pixie>
      <nodes>HP_Track_Exhaus_1</nodes>
    </exhaust>
    <turretPositions>
      <turret>-0.000001 0.53085 0.055683</turret>
    </turretPositions>
    <hitTester>
      <collisionModelServer>vehicles/chinese/Ch26_59_Patton/collision/Hull.model</collisionModelServer>
      <collisionModelClient>vehicles/chinese/Ch26_59_Patton/collision_client/Hull.model</collisionModelClient>
    </hitTester>
    <emblemSlots>
      <clan>
        <rayStart>-0.406895 0.498352 2.08808</rayStart>
        <rayEnd>-0.406895 0.324135 1.98985</rayEnd>
        <rayUp>0.000000 0.000000 -1</rayUp>
        <size>0.26</size>
        <hideIfDamaged>	false	</hideIfDamaged>
      </clan>
    </emblemSlots>
    <hangarShadowTexture>vehicles/chinese/Ch26_59_Patton/59_Patton_HangarShadowMap.dds</hangarShadowTexture>
    <camouflage>
      <tiling>0.91 0.91 0.44 0.47</tiling>
    </camouflage>
  </hull>
  <chassis>
    <Chassis_Ch26_59_Patton>
      <userString>#china_vehicles:Chassis_Ch26_59_Patton</userString>
      <tags>
      </tags>
      <level>	8	</level>
      <price>	30000	</price>
      <notInShop>	true	</notInShop>
      <armor>
        <leftTrack>	20	</leftTrack>
        <rightTrack>	20	</rightTrack>
      </armor>
      <weight>	7700	</weight>
      <maxLoad>	39000	</maxLoad>
      <terrainResistance>0.9 1 2</terrainResistance>
      <brakeForce>	38500	</brakeForce>
      <rotationIsAroundCenter>	false	</rotationIsAroundCenter>
      <rotationSpeed>	46	</rotationSpeed>
      <shotDispersionFactors>
        <vehicleMovement>0.14</vehicleMovement>
        <vehicleRotation>0.14</vehicleRotation>
      </shotDispersionFactors>
      <bulkHealthFactor>3.0</bulkHealthFactor>
      <maxHealth>	210	</maxHealth>
      <maxRegenHealth>	160	</maxRegenHealth>
      <repairCost>7.5</repairCost>
      <models>
        <undamaged>vehicles/chinese/Ch26_59_Patton/normal/lod0/Chassis.model</undamaged>
        <destroyed>vehicles/chinese/Ch26_59_Patton/crash/lod0/Chassis.model</destroyed>
        <exploded>vehicles/chinese/Ch26_59_Patton/crash/lod0/Chassis.model</exploded>
      </models>
      <traces>
        <lodDist>FAR</lodDist>
        <bufferPrefs>mediumTank</bufferPrefs>
        <textureSet>ussr_01</textureSet>
        <size>0.5 0.6</size>
      </traces>
      <tracks>
        <lodDist>MEDIUM_TRACK</lodDist>
        <leftMaterial>track_mat_L_skinned</leftMaterial>
        <rightMaterial>track_mat_R_skinned</rightMaterial>
        <textureScale>-2.4</textureScale>
      </tracks>
      <wheels>
        <lodDist>MEDIUM</lodDist>
        <wheel>
          <isLeft>	true	</isLeft>
          <isLeading>	true	</isLeading>
          <name>WD_L0</name>
          <radius>0.27416</radius>
          <syncAngle>27.6923</syncAngle>
        </wheel>
        <wheel>
          <isLeft>	true	</isLeft>
          <isLeading>	true	</isLeading>
          <name>WD_L1</name>
          <radius>	0.346069	</radius>
          <syncAngle>27.6923</syncAngle>
        </wheel>
        <wheel>
          <isLeft>	false	</isLeft>
          <isLeading>	true	</isLeading>
          <name>WD_R0</name>
          <radius>0.27416</radius>
          <syncAngle>27.6923</syncAngle>
        </wheel>
        <wheel>
          <isLeft>	false	</isLeft>
          <isLeading>	true	</isLeading>
          <name>WD_R1</name>
          <radius>	0.346069	</radius>
          <syncAngle>27.6923</syncAngle>
        </wheel>
        <group>
          <isLeft>	true	</isLeft>
          <template>W_L</template>
          <radius>0.40553</radius>
          <startIndex>	0	</startIndex>
          <count>	5	</count>
        </group>
        <group>
          <isLeft>	false	</isLeft>
          <template>W_R</template>
          <radius>0.40553</radius>
          <startIndex>	0	</startIndex>
          <count>	5	</count>
        </group>
      </wheels>
      <drivingWheels>WD_L0 WD_L1</drivingWheels>
      <effects>
        <lodDist>MEDIUM</lodDist>
        <mud>mediumTankMud</mud>
      </effects>
      <wwsoundPC>treads_type_pc</wwsoundPC>
      <wwsoundNPC>trds_med_npc</wwsoundNPC>
      <hullPosition>	0.000000 0.966526 0.000000	</hullPosition>
      <hitTester>
        <collisionModelServer>vehicles/chinese/Ch26_59_Patton/collision/Chassis.model</collisionModelServer>
        <collisionModelClient>vehicles/chinese/Ch26_59_Patton/collision_client/Chassis.model</collisionModelClient>
      </hitTester>
      <topRightCarryingPoint>1.31088 1.86928</topRightCarryingPoint>
      <maxClimbAngle>	25	</maxClimbAngle>
      <navmeshGirth>6.0</navmeshGirth>
      <AODecals>
        <decal>
          <transform>
            <row0>	4.590220 0.000000 0.000000	</row0>
            <row1>	0.000000 1.132730 0.000000	</row1>
            <row2>	0.000000 0.000000 7.360530	</row2>
            <row3>	0.000000 0.000000 0.000009	</row3>
          </transform>
        </decal>
      </AODecals>
      <groundNodes>
        <group>
          <template>Track_L</template>
          <startIndex>	0	</startIndex>
          <count>	5	</count>
          <isLeft>	true	</isLeft>
          <minOffset>-0.1</minOffset>
          <maxOffset>0.1</maxOffset>
        </group>
        <group>
          <template>Track_R</template>
          <startIndex>	0	</startIndex>
          <count>	5	</count>
          <isLeft>	false	</isLeft>
          <minOffset>-0.1</minOffset>
          <maxOffset>0.1</maxOffset>
        </group>
      </groundNodes>
      <splineDesc>
        <segmentModelLeft>vehicles/chinese/Ch26_59_Patton/track/segment.model</segmentModelLeft>
        <segmentModelRight>vehicles/chinese/Ch26_59_Patton/track/segment.model</segmentModelRight>
        <left>vehicles/chinese/Ch26_59_Patton/track/left.track</left>
        <right>vehicles/chinese/Ch26_59_Patton/track/right.track</right>
        <segmentLength>0.137</segmentLength>
        <segmentOffset>0.055</segmentOffset>
        <lodDist>MEDIUM</lodDist>
        <atlas>
          <UTiles>	1	</UTiles>
          <VTiles>	1	</VTiles>
        </atlas>
      </splineDesc>
      <trackThickness>-0.0117</trackThickness>
      <trackNodes>
        <enable>	true	</enable>
        <linkBones>	true	</linkBones>
        <maxAmplitude>0.1</maxAmplitude>
        <maxOffset>0.15</maxOffset>
        <gravity>	-9	</gravity>
        <elasticity>	1100	</elasticity>
        <damping>	2	</damping>
        <forwardElastK>	1	</forwardElastK>
        <backwardElastK>	1	</backwardElastK>
        <offset>	0.000000	</offset>
        <node>
          <isLeft>	true	</isLeft>
          <name>Track_VT_L0</name>
          <forwardElastK>0.85</forwardElastK>
          <backwardElastK>2.08</backwardElastK>
          <offset>-0.208</offset>
          <rightSibling>Track_VT_L1</rightSibling>
        </node>
        <node>
          <isLeft>	true	</isLeft>
          <name>Track_VT_L1</name>
          <forwardElastK>0.85</forwardElastK>
          <backwardElastK>2.08</backwardElastK>
          <offset>-0.239</offset>
          <leftSibling>Track_VT_L0</leftSibling>
          <rightSibling>Track_VT_L2</rightSibling>
        </node>
        <node>
          <isLeft>	true	</isLeft>
          <name>Track_VT_L2</name>
          <forwardElastK>0.85</forwardElastK>
          <backwardElastK>2.08</backwardElastK>
          <offset>-0.193</offset>
          <leftSibling>Track_VT_L1</leftSibling>
          <rightSibling>Track_VT_L3</rightSibling>
        </node>
        <node>
          <isLeft>	true	</isLeft>
          <name>Track_VT_L3</name>
          <forwardElastK>0.85</forwardElastK>
          <backwardElastK>2.08</backwardElastK>
          <offset>-0.212</offset>
          <leftSibling>Track_VT_L2</leftSibling>
          <rightSibling>Track_VT_L4</rightSibling>
        </node>
        <node>
          <isLeft>	true	</isLeft>
          <name>Track_VT_L4</name>
          <forwardElastK>0.85</forwardElastK>
          <backwardElastK>2.08</backwardElastK>
          <offset>-0.181</offset>
          <leftSibling>Track_VT_L3</leftSibling>
          <rightSibling>Track_VT_L5</rightSibling>
        </node>
        <node>
          <isLeft>	true	</isLeft>
          <name>Track_VT_L5</name>
          <forwardElastK>0.85</forwardElastK>
          <backwardElastK>2.08</backwardElastK>
          <offset>-0.195</offset>
          <leftSibling>Track_VT_L4</leftSibling>
          <rightSibling>Track_VT_L6</rightSibling>
        </node>
        <node>
          <isLeft>	true	</isLeft>
          <name>Track_VT_L6</name>
          <forwardElastK>0.85</forwardElastK>
          <backwardElastK>2.08</backwardElastK>
          <offset>-0.175</offset>
          <leftSibling>Track_VT_L5</leftSibling>
          <rightSibling>Track_VT_L7</rightSibling>
        </node>
        <node>
          <isLeft>	true	</isLeft>
          <name>Track_VT_L7</name>
          <forwardElastK>0.85</forwardElastK>
          <backwardElastK>2.08</backwardElastK>
          <offset>-0.2</offset>
          <leftSibling>Track_VT_L6</leftSibling>
          <rightSibling>Track_VT_L8</rightSibling>
        </node>
        <node>
          <isLeft>	true	</isLeft>
          <name>Track_VT_L8</name>
          <forwardElastK>0.85</forwardElastK>
          <backwardElastK>2.08</backwardElastK>
          <offset>-0.154</offset>
          <leftSibling>Track_VT_L7</leftSibling>
        </node>
        <node>
          <isLeft>	false	</isLeft>
          <name>Track_VT_R0</name>
          <forwardElastK>0.85</forwardElastK>
          <backwardElastK>2.08</backwardElastK>
          <offset>-0.208</offset>
          <rightSibling>Track_VT_R1</rightSibling>
        </node>
        <node>
          <isLeft>	false	</isLeft>
          <name>Track_VT_R1</name>
          <forwardElastK>0.85</forwardElastK>
          <backwardElastK>2.08</backwardElastK>
          <offset>-0.239</offset>
          <leftSibling>Track_VT_R0</leftSibling>
          <rightSibling>Track_VT_R2</rightSibling>
        </node>
        <node>
          <isLeft>	false	</isLeft>
          <name>Track_VT_R2</name>
          <forwardElastK>0.85</forwardElastK>
          <backwardElastK>2.08</backwardElastK>
          <offset>-0.193</offset>
          <leftSibling>Track_VT_R1</leftSibling>
          <rightSibling>Track_VT_R3</rightSibling>
        </node>
        <node>
          <isLeft>	false	</isLeft>
          <name>Track_VT_R3</name>
          <forwardElastK>0.85</forwardElastK>
          <backwardElastK>2.08</backwardElastK>
          <offset>-0.212</offset>
          <leftSibling>Track_VT_R2</leftSibling>
          <rightSibling>Track_VT_R4</rightSibling>
        </node>
        <node>
          <isLeft>	false	</isLeft>
          <name>Track_VT_R4</name>
          <forwardElastK>0.85</forwardElastK>
          <backwardElastK>2.08</backwardElastK>
          <offset>-0.181</offset>
          <leftSibling>Track_VT_R3</leftSibling>
          <rightSibling>Track_VT_R5</rightSibling>
        </node>
        <node>
          <isLeft>	false	</isLeft>
          <name>Track_VT_R5</name>
          <forwardElastK>0.85</forwardElastK>
          <backwardElastK>2.08</backwardElastK>
          <offset>-0.195</offset>
          <leftSibling>Track_VT_R4</leftSibling>
          <rightSibling>Track_VT_R6</rightSibling>
        </node>
        <node>
          <isLeft>	false	</isLeft>
          <name>Track_VT_R6</name>
          <forwardElastK>0.85</forwardElastK>
          <backwardElastK>2.08</backwardElastK>
          <offset>-0.175</offset>
          <leftSibling>Track_VT_R5</leftSibling>
          <rightSibling>Track_VT_R7</rightSibling>
        </node>
        <node>
          <isLeft>	false	</isLeft>
          <name>Track_VT_R7</name>
          <forwardElastK>0.85</forwardElastK>
          <backwardElastK>2.08</backwardElastK>
          <offset>-0.2</offset>
          <leftSibling>Track_VT_R6</leftSibling>
          <rightSibling>Track_VT_R8</rightSibling>
        </node>
        <node>
          <isLeft>	false	</isLeft>
          <name>Track_VT_R8</name>
          <forwardElastK>0.85</forwardElastK>
          <backwardElastK>2.08</backwardElastK>
          <offset>-0.154</offset>
          <leftSibling>Track_VT_R7</leftSibling>
        </node>
        <node>
          <isLeft>	false	</isLeft>
          <name>Track_VD_R0</name>
          <offset>-0.033</offset>
        </node>
        <node>
          <isLeft>	true	</isLeft>
          <name>Track_VD_L0</name>
          <offset>-0.033</offset>
        </node>
        <node>
          <isLeft>	true	</isLeft>
          <name>Track_VD_L1</name>
          <offset>-0.033</offset>
        </node>
        <node>
          <isLeft>	false	</isLeft>
          <name>Track_VD_R1</name>
          <offset>-0.033</offset>
        </node>
      </trackNodes>
    </Chassis_Ch26_59_Patton>
  </chassis>
  <turrets0>
    <Turret_1_Ch26_59_Patton>
      <userString>#china_vehicles:Turret_1_Ch26_59_Patton</userString>
      <tags>
      </tags>
      <level>	8	</level>
      <price>	30000	</price>
      <notInShop>	true	</notInShop>
      <armor>
        <armor_1>177.8</armor_1>
        <armor_2>139.7</armor_2>
        <armor_3>76.2</armor_3>
        <armor_4>50.8</armor_4>
        <armor_5>	127	</armor_5>
        <armor_6>114.3</armor_6>
        <armor_7>101.6</armor_7>
        <armor_8>88.9</armor_8>
        <armor_9>63.5</armor_9>
        <armor_10>76.2</armor_10>
        <armor_11>25.4</armor_11>
        <armor_12>25.4<vehicleDamageFactor>0.0</vehicleDamageFactor></armor_12>
        <armor_13>	0	</armor_13>
        <armor_14>76.2</armor_14>
        <armor_15>76.2</armor_15>
        <armor_16>50.8</armor_16>
      </armor>
      <primaryArmor>armor_1 armor_3 armor_4</primaryArmor>
      <weight>	8500	</weight>
      <maxHealth>	280	</maxHealth>
      <rotationSpeed>	44	</rotationSpeed>
      <turretRotatorHealth>
        <maxHealth>	100	</maxHealth>
        <maxRegenHealth>	49	</maxRegenHealth>
        <repairCost>1.0</repairCost>
      </turretRotatorHealth>
      <circularVisionRadius>	400	</circularVisionRadius>
      <surveyingDeviceHealth>
        <maxHealth>	100	</maxHealth>
        <maxRegenHealth>	49	</maxRegenHealth>
        <repairCost>1.0</repairCost>
      </surveyingDeviceHealth>
      <guns>
        <_90mm_Gun_M41>
        shared
        <maxAmmo>	54	</maxAmmo>
        <armor>
        <armor_1>114.3
        <vehicleDamageFactor>0.0</vehicleDamageFactor>
        </armor_1>
        <armor_2>57.2
        <vehicleDamageFactor>0.0</vehicleDamageFactor>
        </armor_2>
        <armor_3>	0	
        <vehicleDamageFactor>0.0</vehicleDamageFactor>
        </armor_3>
        <armor_4>57.2
        <vehicleDamageFactor>0.0</vehicleDamageFactor>
        </armor_4>
        <armor_5>57.2
        <vehicleDamageFactor>0.0</vehicleDamageFactor>
        </armor_5>
        <gun>	35	</gun>
        </armor>
        <pitchLimits>
        <minPitch>0 -19 1 -19</minPitch>
        <maxPitch>0 7.4 0.102778 7.4 0.130556 9 0.416667 9 0.444444 5 0.555556 5 0.583333 9 0.869444 9 0.897222 7.4 1 7.4</maxPitch>
        </pitchLimits>
        <invisibilityFactorAtShot>0.238</invisibilityFactorAtShot>
        <reloadTime>7.5</reloadTime>
        <aimingTime>2.3</aimingTime>
        <shotDispersionRadius>0.36</shotDispersionRadius>
        <models>
        <undamaged>vehicles/chinese/Ch26_59_Patton/normal/lod0/Gun_01.model</undamaged>
        <destroyed>vehicles/chinese/Ch26_59_Patton/crash/lod0/Gun_01.model</destroyed>
        <exploded>vehicles/chinese/Ch26_59_Patton/crash/lod0/Gun_01.model</exploded>
        </models>
        <hitTester>
        <collisionModelServer>vehicles/chinese/Ch26_59_Patton/collision/Gun_01.model</collisionModelServer>
        <collisionModelClient>vehicles/chinese/Ch26_59_Patton/collision_client/Gun_01.model</collisionModelClient>
        </hitTester>
        <emblemSlots>
        <insigniaOnGun>
        <rayStart>0.000002 0.0772964 2.949094</rayStart>
        <rayEnd>-0.00610183 0.0667925 0.734718</rayEnd>
        <rayUp>0.122 0.1 4</rayUp>
        <size>0.416</size>
        <hideIfDamaged>	false	</hideIfDamaged>
        </insigniaOnGun>
        </emblemSlots>
        <animateEmblemSlots>	true	</animateEmblemSlots>
        <camouflage>
        <tiling>0.325 0.325 0.000000 0.000000</tiling>
        </camouflage>
        </_90mm_Gun_M41>
      </guns>
      <models>
        <undamaged>vehicles/chinese/Ch26_59_Patton/normal/lod0/Turret_01.model</undamaged>
        <destroyed>vehicles/chinese/Ch26_59_Patton/crash/lod0/Turret_01.model</destroyed>
        <exploded>vehicles/chinese/Ch26_59_Patton/crash/lod0/Turret_01.model</exploded>
      </models>
      <hitTester>
        <collisionModelServer>vehicles/chinese/Ch26_59_Patton/collision/Turret_01.model</collisionModelServer>
        <collisionModelClient>vehicles/chinese/Ch26_59_Patton/collision_client/Turret_01.model</collisionModelClient>
      </hitTester>
      <gunPosition>0.000001 0.204871 1.09827</gunPosition>
      <emblemSlots>
        <player>
          <rayStart>-1.10131 0.326274 0.575241</rayStart>
          <rayEnd>-0.932623 0.2524 0.497226</rayEnd>
          <rayUp>0.000000 1 0.000000</rayUp>
          <size>0.26</size>
          <hideIfDamaged>	true	</hideIfDamaged>
        </player>
        <inscription>
          <rayStart>-1.24444 0.335227 -0.10028</rayStart>
          <rayEnd>-1.06221 0.253178 -0.107859</rayEnd>
          <rayUp>0.000000 1 0.000000</rayUp>
          <size>0.55</size>
          <hideIfDamaged>	false	</hideIfDamaged>
        </inscription>
        <player>
          <rayStart>1.14504 0.325142 0.50378</rayStart>
          <rayEnd>	0.974426 0.259812 0.422399	</rayEnd>
          <rayUp>0.000000 1 0.000000</rayUp>
          <size>0.26</size>
          <hideIfDamaged>	false	</hideIfDamaged>
          <isMirrored>	true	</isMirrored>
        </player>
        <inscription>
          <rayStart>1.28963 0.32814 -0.091483</rayStart>
          <rayEnd>1.09673 0.27853 -0.109667</rayEnd>
          <rayUp>0.000000 1 0.000000</rayUp>
          <size>0.55</size>
          <hideIfDamaged>	false	</hideIfDamaged>
        </inscription>
      </emblemSlots>
      <showEmblemsOnGun>	false	</showEmblemsOnGun>
      <wwturretRotatorSoundManual>tur_mech_trav</wwturretRotatorSoundManual>
      <physicsShape>1.000 -0.039 1.036 0.000 0.426 0.065 0.464 0.500 0.464 0.500 0.325 0.500 0.289 0.490 0.000</physicsShape>
      <camouflage>
        <tiling>0.535 0.535 0.84 0.6</tiling>
      </camouflage>
    </Turret_1_Ch26_59_Patton>
  </turrets0>
  <engines>
    <NORINCO_12150L7>shared</NORINCO_12150L7>
  </engines>
  <fuelTanks>
    <Heavy>shared</Heavy>
  </fuelTanks>
  <radios>
    <_9RM_R>shared</_9RM_R>
  </radios>
  <physics>
    <detailed>
      <engines>
        <NORINCO_12150L7>
          <smplEnginePower>549.7862</smplEnginePower>
        </NORINCO_12150L7>
      </engines>
      <chassis>
        <Chassis_Ch26_59_Patton>
          <grounds>
            <ground>
              <medium>
                <rollingFriction>0.0805</rollingFriction>
              </medium>
            </ground>
            <sand>
              <medium>
                <rollingFriction>0.0805</rollingFriction>
              </medium>
            </sand>
            <wood>
              <medium>
                <rollingFriction>0.0805</rollingFriction>
              </medium>
            </wood>
            <snow>
              <medium>
                <rollingFriction>0.0805</rollingFriction>
              </medium>
            </snow>
            <stone>
              <medium>
                <rollingFriction>0.0805</rollingFriction>
              </medium>
            </stone>
            <metal>
              <medium>
                <rollingFriction>0.0805</rollingFriction>
              </medium>
            </metal>
          </grounds>
        </Chassis_Ch26_59_Patton>
      </chassis>
    </detailed>
  </physics>
  <clientAdjustmentFactors>
    <armour>1.041892416</armour>
  </clientAdjustmentFactors>
  <effects>
    <collision>
    </collision>
    <damagedStateGroup>medium</damagedStateGroup>
  </effects>
  <emblems>
    <default>china_star</default>
    <lodDist>MEDIUM</lodDist>
    <alpha>0.88</alpha>
  </emblems>
  <horns>
    <priceFactor>	1	</priceFactor>
    <distanceFactor>	1	</distanceFactor>
    <volumeFactor>	1	</volumeFactor>
  </horns>
</ch26_59_patton.xml>